{
    "name": "root",
    "metadata": {
        "timer_format_version": "0.1.0",
        "start_time_seconds": "1707883500",
        "python_version": "3.9.13 (tags/v3.9.13:6de2ca5, May 17 2022, 16:36:42) [MSC v.1929 64 bit (AMD64)]",
        "command_line_arguments": "C:\\Users\\Owner\\AppData\\Local\\Programs\\Python\\Python39\\Scripts\\mlagents-learn --run-id=StaticDragDrop18",
        "mlagents_version": "0.30.0",
        "mlagents_envs_version": "0.30.0",
        "communication_protocol_version": "1.5.0",
        "pytorch_version": "2.1.2+cu118",
        "numpy_version": "1.21.2",
        "end_time_seconds": "1707883558"
    },
    "total": 57.8593146,
    "count": 1,
    "self": 0.004114199999996515,
    "children": {
        "run_training.setup": {
            "total": 0.24552830000000014,
            "count": 1,
            "self": 0.24552830000000014
        },
        "TrainerController.start_learning": {
            "total": 57.6096721,
            "count": 1,
            "self": 0.007889099999992766,
            "children": {
                "TrainerController._reset_env": {
                    "total": 4.0969821,
                    "count": 1,
                    "self": 4.0969821
                },
                "TrainerController.advance": {
                    "total": 53.382602000000006,
                    "count": 470,
                    "self": 0.006611999999996954,
                    "children": {
                        "env_step": {
                            "total": 52.8571609,
                            "count": 470,
                            "self": 52.342772100000005,
                            "children": {
                                "SubprocessEnvManager._take_step": {
                                    "total": 0.5103541999999841,
                                    "count": 470,
                                    "self": 0.016039899999985785,
                                    "children": {
                                        "TorchPolicy.evaluate": {
                                            "total": 0.4943142999999983,
                                            "count": 311,
                                            "self": 0.4943142999999983
                                        }
                                    }
                                },
                                "workers": {
                                    "total": 0.004034600000004218,
                                    "count": 469,
                                    "self": 0.0,
                                    "children": {
                                        "worker_root": {
                                            "total": 3.541691799999998,
                                            "count": 469,
                                            "is_parallel": true,
                                            "self": 1.8415473999999947,
                                            "children": {
                                                "steps_from_proto": {
                                                    "total": 0.00041130000000011435,
                                                    "count": 1,
                                                    "is_parallel": true,
                                                    "self": 0.00011520000000020403,
                                                    "children": {
                                                        "_process_rank_one_or_two_observation": {
                                                            "total": 0.0002960999999999103,
                                                            "count": 2,
                                                            "is_parallel": true,
                                                            "self": 0.0002960999999999103
                                                        }
                                                    }
                                                },
                                                "UnityEnvironment.step": {
                                                    "total": 1.699733100000003,
                                                    "count": 469,
                                                    "is_parallel": true,
                                                    "self": 0.03807969999997951,
                                                    "children": {
                                                        "UnityEnvironment._generate_step_input": {
                                                            "total": 0.0478039999999984,
                                                            "count": 469,
                                                            "is_parallel": true,
                                                            "self": 0.0478039999999984
                                                        },
                                                        "communicator.exchange": {
                                                            "total": 1.5277721000000097,
                                                            "count": 469,
                                                            "is_parallel": true,
                                                            "self": 1.5277721000000097
                                                        },
                                                        "steps_from_proto": {
                                                            "total": 0.08607730000001546,
                                                            "count": 469,
                                                            "is_parallel": true,
                                                            "self": 0.03472940000003799,
                                                            "children": {
                                                                "_process_rank_one_or_two_observation": {
                                                                    "total": 0.051347899999977464,
                                                                    "count": 938,
                                                                    "is_parallel": true,
                                                                    "self": 0.051347899999977464
                                                                }
                                                            }
                                                        }
                                                    }
                                                }
                                            }
                                        }
                                    }
                                }
                            }
                        },
                        "trainer_advance": {
                            "total": 0.5188291000000103,
                            "count": 469,
                            "self": 0.0080006000000159,
                            "children": {
                                "process_trajectory": {
                                    "total": 0.5108284999999944,
                                    "count": 469,
                                    "self": 0.5108284999999944
                                }
                            }
                        }
                    }
                },
                "trainer_threads": {
                    "total": 2.0000000020559128e-06,
                    "count": 1,
                    "self": 2.0000000020559128e-06
                },
                "TrainerController._save_models": {
                    "total": 0.12219689999999872,
                    "count": 1,
                    "self": 0.013359499999999969,