{
    "name": "root",
    "metadata": {
        "timer_format_version": "0.1.0",
        "start_time_seconds": "1706673235",
        "python_version": "3.9.13 (tags/v3.9.13:6de2ca5, May 17 2022, 16:36:42) [MSC v.1929 64 bit (AMD64)]",
        "command_line_arguments": "C:\\Users\\Owner\\AppData\\Local\\Programs\\Python\\Python39\\Scripts\\mlagents-learn results/StaticDragDrop2/configuration.yaml --run-id=StaticDragDrop4",
        "mlagents_version": "0.30.0",
        "mlagents_envs_version": "0.30.0",
        "communication_protocol_version": "1.5.0",
        "pytorch_version": "2.1.2+cu118",
        "numpy_version": "1.21.2",
        "end_time_seconds": "1706673292"
    },
    "total": 56.5483536,
    "count": 1,
    "self": 0.00431520000000063,
    "children": {
        "run_training.setup": {
            "total": 0.3693605,
            "count": 1,
            "self": 0.3693605
        },
        "TrainerController.start_learning": {
            "total": 56.1746779,
            "count": 1,
            "self": 0.08053450000000595,
            "children": {
                "TrainerController._reset_env": {
                    "total": 8.270368399999999,
                    "count": 1,
                    "self": 8.270368399999999
                },
                "TrainerController.advance": {
                    "total": 47.7205764,
                    "count": 4314,
                    "self": 0.06533829999995078,
                    "children": {
                        "env_step": {
                            "total": 38.48610299999994,
                            "count": 4314,
                            "self": 31.398827899999816,
                            "children": {
                                "SubprocessEnvManager._take_step": {
                                    "total": 7.04426220000013,
                                    "count": 4314,
                                    "self": 0.20252690000022788,
                                    "children": {
                                        "TorchPolicy.evaluate": {
                                            "total": 6.841735299999902,
                                            "count": 4177,
                                            "self": 6.841735299999902
                                        }
                                    }
                                },
                                "workers": {
                                    "total": 0.04301289999999547,
                                    "count": 4313,
                                    "self": 0.0,
                                    "children": {
                                        "worker_root": {
                                            "total": 40.93643749999981,
                                            "count": 4313,
                                            "is_parallel": true,
                                            "self": 20.50908769999993,
                                            "children": {
                                                "steps_from_proto": {
                                                    "total": 0.0002966000000004243,
                                                    "count": 1,
                                                    "is_parallel": true,
                                                    "self": 9.510000000023666e-05,
                                                    "children": {
                                                        "_process_rank_one_or_two_observation": {
                                                            "total": 0.00020150000000018764,
                                                            "count": 2,
                                                            "is_parallel": true,
                                                            "self": 0.00020150000000018764
                                                        }
                                                    }
                                                },
                                                "UnityEnvironment.step": {
                                                    "total": 20.427053199999882,
                                                    "count": 4313,
                                                    "is_parallel": true,
                                                    "self": 0.3552012999996279,
                                                    "children": {
                                                        "UnityEnvironment._generate_step_input": {
                                                            "total": 0.5856516000001353,
                                                            "count": 4313,
                                                            "is_parallel": true,
                                                            "self": 0.5856516000001353
                                                        },
                                                        "communicator.exchange": {
                                                            "total": 18.70058719999993,
                                                            "count": 4313,
                                                            "is_parallel": true,
                                                            "self": 18.70058719999993
                                                        },
                                                        "steps_from_proto": {
                                                            "total": 0.7856131000001927,
                                                            "count": 4313,
                                                            "is_parallel": true,
                                                            "self": 0.3264322000001627,
                                                            "children": {
                                                                "_process_rank_one_or_two_observation": {
                                                                    "total": 0.45918090000003,
                                                                    "count": 8626,
                                                                    "is_parallel": true,
                                                                    "self": 0.45918090000003
                                                                }
                                                            }
                                                        }
                                                    }
                                                }
                                            }
                                        }
                                    }
                                }
                            }
                        },
                        "trainer_advance": {
                            "total": 9.169135100000105,
                            "count": 4313,
                            "self": 0.10632150000014207,
                            "children": {
                                "process_trajectory": {
                                    "total": 3.2723780999999725,
                                    "count": 4313,
                                    "self": 3.2723780999999725
                                },
                                "_update_policy": {
                                    "total": 5.79043549999999,
                                    "count": 4,
                                    "self": 3.893179799999988,
                                    "children": {
                                        "TorchPPOOptimizer.update": {
                                            "total": 1.8972557000000023,
                                            "count": 120,