{
    "name": "root",
    "gauges": {
        "RobotArm.Policy.Entropy.mean": {
            "value": 0.9064061641693115,
            "min": 0.9064061641693115,
            "max": 1.1922004222869873,
            "count": 38
        },
        "RobotArm.Policy.Entropy.sum": {
            "value": 54340.86328125,
            "min": 52400.4375,
            "max": 75652.2734375,
            "count": 38
        },
        "RobotArm.Environment.EpisodeLength.mean": {
            "value": 164.18956043956044,
            "min": 138.20185614849188,
            "max": 194.78501628664495,
            "count": 38
        },
        "RobotArm.Environment.EpisodeLength.sum": {
            "value": 59765.0,
            "min": 56770.0,
            "max": 61839.0,
            "count": 38
        },
        "RobotArm.Step.mean": {
            "value": 2279961.0,
            "min": 59920.0,
            "max": 2279961.0,
            "count": 38
        },
        "RobotArm.Step.sum": {
            "value": 2279961.0,
            "min": 59920.0,
            "max": 2279961.0,
            "count": 38
        },
        "RobotArm.Policy.ExtrinsicValueEstimate.mean": {
            "value": 3.60364031791687,
            "min": 2.1911797523498535,
            "max": 3.966031789779663,
            "count": 38
        },
        "RobotArm.Policy.ExtrinsicValueEstimate.sum": {
            "value": 1311.72509765625,
            "min": 670.5009765625,
            "max": 1669.1451416015625,
            "count": 38
        },
        "RobotArm.Environment.CumulativeReward.mean": {
            "value": 7.119648523093941,
            "min": 6.664430443587521,
            "max": 7.671370705677915,
            "count": 38
        },
        "RobotArm.Environment.CumulativeReward.sum": {
            "value": 2591.5520624061946,
            "min": 2347.439435937442,
            "max": 2926.908835006412,
            "count": 38
        },
        "RobotArm.Policy.ExtrinsicReward.mean": {
            "value": 7.119648523093941,
            "min": 6.664430443587521,
            "max": 7.671370705677915,
            "count": 38
        },
        "RobotArm.Policy.ExtrinsicReward.sum": {
            "value": 2591.5520624061946,
            "min": 2347.439435937442,
            "max": 2926.908835006412,
            "count": 38
        },
        "RobotArm.Losses.PolicyLoss.mean": {
            "value": 0.03613433894974555,
            "min": 0.03080522670803071,
            "max": 0.03789642493292244,
            "count": 38
        },
        "RobotArm.Losses.PolicyLoss.sum": {
            "value": 0.10840301684923664,
            "min": 0.06818188171552417,
            "max": 0.1115603369498937,
            "count": 38
        },
        "RobotArm.Losses.ValueLoss.mean": {
            "value": 0.03922128283884376,
            "min": 0.014327722980265712,
            "max": 0.12015025330474599,
            "count": 38
        },
        "RobotArm.Losses.ValueLoss.sum": {
            "value": 0.11766384851653128,
            "min": 0.04298316894079714,
            "max": 0.24030050660949198,
            "count": 38
        },
        "RobotArm.Policy.LearningRate.mean": {
            "value": 0.00029663360162213317,
            "min": 0.00029663360162213317,
            "max": 0.0002999535825154725,
            "count": 38
        },
        "RobotArm.Policy.LearningRate.sum": {
            "value": 0.0008899008048663995,
            "min": 0.0005936080056306657,
            "max": 0.0008996296111234629,
            "count": 38
        },
        "RobotArm.Policy.Epsilon.mean": {
            "value": 0.19887786683333333,
            "min": 0.19887786683333333,
            "max": 0.19998452749999998,
            "count": 38
        },
        "RobotArm.Policy.Epsilon.sum": {
            "value": 0.5966336005,
            "min": 0.39786933449999995,
            "max": 0.5998765370000001,
            "count": 38
        },
        "RobotArm.Policy.Beta.mean": {
            "value": 0.00098889088165,
            "min": 0.00098889088165,
            "max": 0.0009998468222500003,
            "count": 38
        },
        "RobotArm.Policy.Beta.sum": {
            "value": 0.00296667264495,
            "min": 0.0019789064115499997,
            "max": 0.0029987777162999996,
            "count": 38
        },
        "RobotArm.IsTraining.mean": {
            "value": 1.0,
            "min": 1.0,
            "max": 1.0,
            "count": 38
        },
        "RobotArm.IsTraining.sum": {
            "value": 1.0,
            "min": 1.0,
            "max": 1.0,
            "count": 38
        }
    },
    "metadata": {
        "timer_format_version": "0.1.0",
        "start_time_seconds": "1708489920",
        "python_version": "3.9.13 (tags/v3.9.13:6de2ca5, May 17 2022, 16:36:42) [MSC v.1929 64 bit (AMD64)]",
        "command_line_arguments": "C:\\Users\\Owner\\AppData\\Local\\Programs\\Python\\Python39\\Scripts\\mlagents-learn config\\DynPnp.yaml --initialize-from=DynPnp17 --run-id=DynPnp19",
        "mlagents_version": "0.30.0",
        "mlagents_envs_version": "0.30.0",
        "communication_protocol_version": "1.5.0",
        "pytorch_version": "2.1.2+cu118",
        "numpy_version": "1.21.2",
        "end_time_seconds": "1708491144"
    },
    "total": 1223.7038498,
    "count": 1,
    "self": 0.0040103999999701045,
    "children": {
        "run_training.setup": {
            "total": 0.08197359999999998,
            "count": 1,
            "self": 0.08197359999999998
        },
        "TrainerController.start_learning": {
            "total": 1223.6178658,
            "count": 1,
            "self": 2.6575213999994958,
            "children": {
                "TrainerController._reset_env": {
                    "total": 5.6756712,
                    "count": 1,
                    "self": 5.6756712
                },
                "TrainerController.advance": {
                    "total": 1215.2332960000003,
                    "count": 155230,
                    "self": 1.3128010999869275,
                    "children": {
                        "env_step": {
                            "total": 1213.9204949000134,
                            "count": 155230,
                            "self": 748.9547640999778,
                            "children": {
                                "SubprocessEnvManager._take_step": {
                                    "total": 463.6653774000099,
                                    "count": 155231,
                                    "self": 7.731156200009536,
                                    "children": {
                                        "TorchPolicy.evaluate": {
                                            "total": 455.93422120000037,
                                            "count": 143752,
                                            "self": 455.93422120000037
                                        }
                                    }
                                },
                                "workers": {
                                    "total": 1.3003534000257613,
                                    "count": 155229,
                                    "self": 0.0,
                                    "children": {
                                        "worker_root": {
                                            "total": 1194.7991523999965,
                                            "count": 155229,
                                            "is_parallel": true,
                                            "self": 685.999080999997,
                                            "children": {
                                                "steps_from_proto": {
                                                    "total": 0.0010370999999986807,
                                                    "count": 2,
                                                    "is_parallel": true,