{
    "name": "root",
    "gauges": {
        "RobotArm.Policy.Entropy.mean": {
            "value": 1.191474199295044,
            "min": 1.1845210790634155,
            "max": 1.1920137405395508,
            "count": 7
        },
        "RobotArm.Policy.Entropy.sum": {
            "value": 71831.59375,
            "min": 70564.4140625,
            "max": 73866.7109375,
            "count": 7
        },
        "RobotArm.Environment.EpisodeLength.mean": {
            "value": 157.25263157894736,
            "min": 157.25263157894736,
            "max": 197.01644736842104,
            "count": 7
        },
        "RobotArm.Environment.EpisodeLength.sum": {
            "value": 59756.0,
            "min": 59481.0,
            "max": 59893.0,
            "count": 7
        },
        "RobotArm.Step.mean": {
            "value": 419995.0,
            "min": 59996.0,
            "max": 419995.0,
            "count": 7
        },
        "RobotArm.Step.sum": {
            "value": 419995.0,
            "min": 59996.0,
            "max": 419995.0,
            "count": 7
        },
        "RobotArm.Policy.ExtrinsicValueEstimate.mean": {
            "value": 3.9071388244628906,
            "min": 2.155757188796997,
            "max": 4.000112056732178,
            "count": 7
        },
        "RobotArm.Policy.ExtrinsicValueEstimate.sum": {
            "value": 1484.7127685546875,
            "min": 653.1943969726562,
            "max": 1484.7127685546875,
            "count": 7
        },
        "RobotArm.Environment.CumulativeReward.mean": {
            "value": 6.6067154847619305,
            "min": 6.6067154847619305,
            "max": 7.625490173734356,
            "count": 7
        },
        "RobotArm.Environment.CumulativeReward.sum": {
            "value": 2510.5518842095335,
            "min": 2310.5235226415098,
            "max": 2530.604883529283,
            "count": 7
        },
        "RobotArm.Policy.ExtrinsicReward.mean": {
            "value": 6.6067154847619305,
            "min": 6.6067154847619305,
            "max": 7.625490173734356,
            "count": 7
        },
        "RobotArm.Policy.ExtrinsicReward.sum": {
            "value": 2510.5518842095335,
            "min": 2310.5235226415098,
            "max": 2530.604883529283,
            "count": 7
        },
        "RobotArm.Losses.PolicyLoss.mean": {
            "value": 0.03350444328873184,
            "min": 0.0322998870497031,
            "max": 0.038300087011278565,
            "count": 7
        },
        "RobotArm.Losses.PolicyLoss.sum": {
            "value": 0.10051332986619552,
            "min": 0.07660017402255713,
            "max": 0.11409740010052097,
            "count": 7
        },
        "RobotArm.Losses.ValueLoss.mean": {
            "value": 0.05154496403669732,
            "min": 0.0052171966786974935,
            "max": 0.11858952253047998,
            "count": 7
        },
        "RobotArm.Losses.ValueLoss.sum": {
            "value": 0.15463489211009196,
            "min": 0.01565159003609248,
            "max": 0.23717904506095996,
            "count": 7
        },
        "RobotArm.Policy.LearningRate.mean": {
            "value": 0.00029941317019560994,
            "min": 0.00029941317019560994,
            "max": 0.0002999536177654607,
            "count": 7
        },
        "RobotArm.Policy.LearningRate.sum": {
            "value": 0.0008982395105868299,
            "min": 0.0005999072355309214,
            "max": 0.0008996295571234809,
            "count": 7
        },
        "RobotArm.Policy.Epsilon.mean": {
            "value": 0.19980439000000003,
            "min": 0.19980439000000003,
            "max": 0.19998453925000007,
            "count": 7
        },
        "RobotArm.Policy.Epsilon.sum": {
            "value": 0.59941317,
            "min": 0.39996907850000013,
            "max": 0.5998765190000002,
            "count": 7
        },
        "RobotArm.Policy.Beta.mean": {
            "value": 0.000998063461,
            "min": 0.000998063461,
            "max": 0.000999846938575,
            "count": 7
        },
        "RobotArm.Policy.Beta.sum": {
            "value": 0.002994190383,
            "min": 0.00199969387715,
            "max": 0.0029987775380999992,
            "count": 7
        },
        "RobotArm.IsTraining.mean": {
            "value": 1.0,
            "min": 1.0,
            "max": 1.0,
            "count": 7
        },
        "RobotArm.IsTraining.sum": {
            "value": 1.0,
            "min": 1.0,
            "max": 1.0,
            "count": 7
        }
    },
    "metadata": {
        "timer_format_version": "0.1.0",
        "start_time_seconds": "1708887665",
        "python_version": "3.9.13 (tags/v3.9.13:6de2ca5, May 17 2022, 16:36:42) [MSC v.1929 64 bit (AMD64)]",
        "command_line_arguments": "C:\\Users\\Owner\\AppData\\Local\\Programs\\Python\\Python39\\Scripts\\mlagents-learn config\\DynPnp.yaml --initialize-from=DynPnp23 --run-id=DynPnp33",
        "mlagents_version": "0.30.0",
        "mlagents_envs_version": "0.30.0",
        "communication_protocol_version": "1.5.0",
        "pytorch_version": "2.1.2+cu118",
        "numpy_version": "1.21.2",
        "end_time_seconds": "1708887933"
    },
    "total": 267.92568669999997,
    "count": 1,
    "self": 0.00430719999997109,
    "children": {
        "run_training.setup": {
            "total": 0.1317387000000001,
            "count": 1,
            "self": 0.1317387000000001
        },
        "TrainerController.start_learning": {
            "total": 267.7896408,
            "count": 1,
            "self": 0.49038960000029874,
            "children": {
                "TrainerController._reset_env": {
                    "total": 7.5714919,
                    "count": 1,
                    "self": 7.5714919
                },
                "TrainerController.advance": {
                    "total": 259.63240459999963,
                    "count": 28577,
                    "self": 0.2182772000001023,
                    "children": {
                        "env_step": {
                            "total": 259.41412739999953,
                            "count": 28577,
                            "self": 175.57957110000683,
                            "children": {
                                "SubprocessEnvManager._take_step": {
                                    "total": 83.5985671999978,
                                    "count": 28577,
                                    "self": 1.1863098999954502,
                                    "children": {
                                        "TorchPolicy.evaluate": {
                                            "total": 82.41225730000235,
                                            "count": 26667,
                                            "self": 82.41225730000235
                                        }
                                    }
                                },
                                "workers": {
                                    "total": 0.23598909999488882,
                                    "count": 28576,
                                    "self": 0.0,
                                    "children": {
                                        "worker_root": {
                                            "total": 257.276876,
                                            "count": 28576,
                                            "is_parallel": true,
                                            "self": 122.23021120000189,
                                            "children": {
                                                "steps_from_proto": {
                                                    "total": 0.00032010000000060046,
                                                    "count": 1,
                                                    "is_parallel": true,