{
    "name": "root",
    "metadata": {
        "timer_format_version": "0.1.0",
        "start_time_seconds": "1707281264",
        "python_version": "3.9.13 (tags/v3.9.13:6de2ca5, May 17 2022, 16:36:42) [MSC v.1929 64 bit (AMD64)]",
        "command_line_arguments": "C:\\UnityProjects\\Cloned-repos\\TWP_2\\TWP_2\\venv\\Scripts\\mlagents-learn config/DynamicTouch2.txt --run-id=DynTouch14",
        "mlagents_version": "0.30.0",
        "mlagents_envs_version": "0.30.0",
        "communication_protocol_version": "1.5.0",
        "pytorch_version": "2.1.2+cpu",
        "numpy_version": "1.21.2",
        "end_time_seconds": "1707284740"
    },
    "total": 3475.0974727,
    "count": 1,
    "self": 0.007425199999943288,
    "children": {
        "run_training.setup": {
            "total": 0.08249450000000014,
            "count": 1,
            "self": 0.08249450000000014
        },
        "TrainerController.start_learning": {
            "total": 3475.007553,
            "count": 1,
            "self": 5.960591099991234,
            "children": {
                "TrainerController._reset_env": {
                    "total": 9.780364899999999,
                    "count": 1,
                    "self": 9.780364899999999
                },
                "TrainerController.advance": {
                    "total": 3459.2164977000084,
                    "count": 205643,
                    "self": 3.26089099994806,
                    "children": {
                        "env_step": {
                            "total": 3455.9556067000603,
                            "count": 205643,
                            "self": 2839.5436495001823,
                            "children": {
                                "SubprocessEnvManager._take_step": {
                                    "total": 613.3383756999217,
                                    "count": 205643,
                                    "self": 15.05827990002831,
                                    "children": {
                                        "TorchPolicy.evaluate": {
                                            "total": 598.2800957998934,
                                            "count": 202437,
                                            "self": 598.2800957998934
                                        }
                                    }
                                },
                                "workers": {
                                    "total": 3.073581499956534,
                                    "count": 205642,
                                    "self": 0.0,
                                    "children": {
                                        "worker_root": {
                                            "total": 3395.301192700026,
                                            "count": 205642,
                                            "is_parallel": true,
                                            "self": 1073.3053849000612,
                                            "children": {
                                                "steps_from_proto": {
                                                    "total": 0.00032220000000116045,
                                                    "count": 1,
                                                    "is_parallel": true,
                                                    "self": 0.0001172000000000395,
                                                    "children": {
                                                        "_process_rank_one_or_two_observation": {
                                                            "total": 0.00020500000000112095,
                                                            "count": 2,
                                                            "is_parallel": true,
                                                            "self": 0.00020500000000112095
                                                        }
                                                    }
                                                },
                                                "UnityEnvironment.step": {
                                                    "total": 2321.995485599965,
                                                    "count": 205642,
                                                    "is_parallel": true,
                                                    "self": 31.025258699870847,
                                                    "children": {
                                                        "UnityEnvironment._generate_step_input": {
                                                            "total": 54.60163230008207,
                                                            "count": 205642,
                                                            "is_parallel": true,
                                                            "self": 54.60163230008207
                                                        },
                                                        "communicator.exchange": {
                                                            "total": 2174.279671399949,
                                                            "count": 205642,
                                                            "is_parallel": true,
                                                            "self": 2174.279671399949
                                                        },
                                                        "steps_from_proto": {
                                                            "total": 62.08892320006258,
                                                            "count": 205642,
                                                            "is_parallel": true,
                                                            "self": 24.271740000202264,
                                                            "children": {
                                                                "_process_rank_one_or_two_observation": {
                                                                    "total": 37.81718319986032,
                                                                    "count": 411284,
                                                                    "is_parallel": true,
                                                                    "self": 37.81718319986032
                                                                }
                                                            }
                                                        }
                                                    }
                                                }
                                            }
                                        }
                                    }
                                }
                            }
                        }
                    }
                },
                "TrainerController._save_models": {
                    "total": 0.050099300000056246,
                    "count": 1,
                    "self": 0.001229800000146497,
                    "children": {
                        "RLTrainer._checkpoint": {
                            "total": 0.04886949999990975,
                            "count": 1,
                            "self": 0.04886949999990975
                        }
                    }
                }
            }
        }
    }
}