{"count":1,"self":52.679696,"total":244.3525286,"children":{"InitializeActuators":{"count":12,"self":0.0010000999999999999,"total":0.0010000999999999999,"children":null},"InitializeSensors":{"count":12,"self":0.0010002,"total":0.0010002,"children":null},"AgentSendState":{"count":116034,"self":0.8355562,"total":40.8955546,"children":{"CollectObservations":{"count":278484,"self":0.3954718,"total":0.3954718,"children":null},"WriteActionMask":{"count":278484,"self":0.1198451,"total":0.1198451,"children":null},"RequestDecision":{"count":278484,"self":0.54042269999999992,"total":39.544681499999996,"children":{"AgentInfo.ToProto":{"count":278484,"self":0.67241259999999992,"total":39.004258799999995,"children":{"GenerateSensorData":{"count":278484,"self":38.331846399999996,"total":38.3318462,"children":null}}}}}}},"DecideAction":{"count":116034,"self":148.54688,"total":148.54687859999999,"children":null},"AgentAct":{"count":116034,"self":2.1478156,"total":2.1754279999999997,"children":{"AgentInfo.ToProto":{"count":138,"self":0,"total":0.0276123,"children":{"GenerateSensorData":{"count":138,"self":0.0276123,"total":0.0276123,"children":null}}}}},"AgentInfo.ToProto":{"count":295,"self":0.0029993999999999997,"total":0.051971699999999996,"children":{"GenerateSensorData":{"count":295,"self":0.048972299999999996,"total":0.048972299999999996,"children":null}}}},"gauges":{"RobotArm.CumulativeReward":{"count":433,"max":15.2596092,"min":-5.36006832,"runningAverage":0.8043332,"value":-0.01,"weightedAverage":0.652131438}},"metadata":{"timer_format_version":"0.1.0","start_time_seconds":"1707280487","unity_version":"2022.3.16f1","command_line_arguments":"C:\\Program Files\\Unity\\Hub\\Editor\\2022.3.16f1\\Editor\\Unity.exe -projectpath C:\\Users\\Owner\\Documents\\GitHub\\TWP_2\\TWP_2 -useHub -hubIPC -cloudEnvironment production -licensingIpc LicenseClient-Owner -hubSessionId e5e8cb18-952b-4bbb-a3b7-c52948909558 -accessToken qevosChcC8IWvP7RAcFm1u_sz6bZ7E2znVER5mmlcCY012f","communication_protocol_version":"1.5.0","com.unity.ml-agents_version":"2.0.1","scene_name":"AdamScene","end_time_seconds":"1707280731"}}