{"count":1,"self":677.21856,"total":2435.3780573,"children":{"InitializeActuators":{"count":16,"self":0.001,"total":0.001,"children":null},"InitializeSensors":{"count":16,"self":0.0010002,"total":0.0010002,"children":null},"AgentSendState":{"count":1481817,"self":8.1016104,"total":38.1151492,"children":{"CollectObservations":{"count":4741824,"self":8.148676,"total":8.1486761,"children":null},"WriteActionMask":{"count":4741824,"self":1.4605542,"total":1.4605542,"children":null},"RequestDecision":{"count":4741824,"self":6.0384991999999995,"total":20.4043082,"children":{"AgentInfo.ToProto":{"count":4741824,"self":5.0073552,"total":14.3658089,"children":{"GenerateSensorData":{"count":4741824,"self":9.3584535999999989,"total":9.3584537,"children":null}}}}}}},"DecideAction":{"count":1481817,"self":1693.1343359999998,"total":1693.1343755,"children":null},"AgentAct":{"count":1481817,"self":26.753263999999998,"total":26.754260499999997,"children":{"AgentInfo.ToProto":{"count":140,"self":0,"total":0.00099629999999999988,"children":{"GenerateSensorData":{"count":140,"self":0.00099629999999999988,"total":0.00099629999999999988,"children":null}}}}},"AgentInfo.ToProto":{"count":23326,"self":0.0552398,"total":0.15269449999999998,"children":{"GenerateSensorData":{"count":23326,"self":0.097454699999999991,"total":0.097454699999999991,"children":null}}}},"gauges":{"RobotArm.CumulativeReward":{"count":23466,"max":17.0486412,"min":3.63159188E-06,"runningAverage":9.145222,"value":12.1949272,"weightedAverage":11.5475054}},"metadata":{"timer_format_version":"0.1.0","start_time_seconds":"1708918371","unity_version":"2022.3.16f1","command_line_arguments":"C:\\Program Files\\Unity\\Hub\\Editor\\2022.3.16f1\\Editor\\Unity.exe -projectpath C:\\Users\\Owner\\Documents\\GitHub\\TWP_2\\TWP_2 -useHub -hubIPC -cloudEnvironment production -licensingIpc LicenseClient-Owner -hubSessionId e32656db-495e-40ce-81c1-1b8039378527 -accessToken TJiXYJEh6W-PaOfsAQrA2T4_7DSXhfaUlSmMtZiWFHI012f","communication_protocol_version":"1.5.0","com.unity.ml-agents_version":"2.0.1","scene_name":"NickScene","end_time_seconds":"1708920806"}}