{"count":1,"self":289.395328,"total":1186.1989489999999,"children":{"InitializeActuators":{"count":16,"self":0.0020016,"total":0.0020016,"children":null},"InitializeSensors":{"count":16,"self":0.0020005,"total":0.0020005,"children":null},"AgentSendState":{"count":711067,"self":4.124654,"total":18.9875471,"children":{"CollectObservations":{"count":2275424,"self":4.0120384,"total":4.0120382,"children":null},"WriteActionMask":{"count":2275424,"self":0.71864549999999994,"total":0.71864549999999994,"children":null},"RequestDecision":{"count":2275424,"self":2.898716,"total":10.132209399999999,"children":{"AgentInfo.ToProto":{"count":2275424,"self":2.5975118,"total":7.2334932999999992,"children":{"GenerateSensorData":{"count":2275424,"self":4.6359816,"total":4.6359815,"children":null}}}}}}},"DecideAction":{"count":711067,"self":864.4246528,"total":864.42466819999993,"children":null},"AgentAct":{"count":711067,"self":13.2483256,"total":13.248325399999999,"children":null},"AgentInfo.ToProto":{"count":14757,"self":0.050846999999999996,"total":0.13802799999999998,"children":{"GenerateSensorData":{"count":14757,"self":0.087181,"total":0.087181,"children":null}}}},"gauges":{"RobotArm.CumulativeReward":{"count":14757,"max":18.33077,"min":8.1604E-06,"runningAverage":7.0438714,"value":6.66397333,"weightedAverage":7.37830734}},"metadata":{"timer_format_version":"0.1.0","start_time_seconds":"1708489958","unity_version":"2022.3.16f1","command_line_arguments":"C:\\Program Files\\Unity\\Hub\\Editor\\2022.3.16f1\\Editor\\Unity.exe -projectpath C:\\Users\\Owner\\Documents\\GitHub\\TWP_2\\TWP_2 -useHub -hubIPC -cloudEnvironment production -licensingIpc LicenseClient-Owner -hubSessionId aa4f3f16-6098-4409-b3fc-a1d2ac506cd8 -accessToken 6StLchH_UvyRgpqu5-JFirHZyi3UxORkJUoybSA-Zb0012f","communication_protocol_version":"1.5.0","com.unity.ml-agents_version":"2.0.1","scene_name":"NickScene","end_time_seconds":"1708491144"}}