{"count":1,"self":1003.0206976,"total":3403.4135536999997,"children":{"InitializeActuators":{"count":16,"self":0.0015048,"total":0.0015048,"children":null},"InitializeSensors":{"count":16,"self":0.0019998,"total":0.0019998,"children":null},"AgentSendState":{"count":1012201,"self":17.0454368,"total":817.382611,"children":{"CollectObservations":{"count":3239056,"self":7.8313375999999995,"total":7.8313377,"children":null},"WriteActionMask":{"count":3239056,"self":3.1935187999999997,"total":3.1935189,"children":null},"RequestDecision":{"count":3239056,"self":12.2225568,"total":789.312317,"children":{"AgentInfo.ToProto":{"count":3239056,"self":14.846627199999999,"total":777.0897606,"children":{"GenerateSensorData":{"count":3239056,"self":762.2431232,"total":762.2431338,"children":null}}}}}}},"DecideAction":{"count":1012201,"self":1557.346304,"total":1557.3463050999999,"children":null},"AgentAct":{"count":1012201,"self":24.0477104,"total":24.8349998,"children":{"AgentInfo.ToProto":{"count":2225,"self":0.0175868,"total":0.78728919999999991,"children":{"GenerateSensorData":{"count":2225,"self":0.7697024,"total":0.7697024,"children":null}}}}},"AgentInfo.ToProto":{"count":2082,"self":0.0182547,"total":0.8200822,"children":{"GenerateSensorData":{"count":2082,"self":0.80182749999999992,"total":0.80182749999999992,"children":null}}}},"gauges":{"RobotArm.CumulativeReward":{"count":4307,"max":0.5,"min":-1,"runningAverage":-0.446482539,"value":0,"weightedAverage":-0.255936861}},"metadata":{"timer_format_version":"0.1.0","start_time_seconds":"1707281273","unity_version":"2022.3.16f1","command_line_arguments":"C:\\Program Files\\Unity\\Hub\\Editor\\2022.3.16f1\\Editor\\Unity.exe -projectpath C:\\UnityProjects\\Cloned-repos\\TWP_2\\TWP_2 -useHub -hubIPC -cloudEnvironment production -licensingIpc LicenseClient-Owner -hubSessionId e12fc80d-b7c6-4251-9898-9659f7375dd1 -accessToken 3xJ-1pEhQcDSEXDZJeCM3XobbhWsIU76ORmqaXg0fS4001f","communication_protocol_version":"1.5.0","com.unity.ml-agents_version":"2.0.1","scene_name":"NickScene","end_time_seconds":"1707284676"}}