{
    "name": "root",
    "metadata": {
        "timer_format_version": "0.1.0",
        "start_time_seconds": "1708572848",
        "python_version": "3.9.13 (tags/v3.9.13:6de2ca5, May 17 2022, 16:36:42) [MSC v.1929 64 bit (AMD64)]",
        "command_line_arguments": "C:\\Users\\Owner\\AppData\\Local\\Programs\\Python\\Python39\\Scripts\\mlagents-learn config\\DynPnp.yaml --initialize-from=DynPnp16 --run-id=DynPnp21",
        "mlagents_version": "0.30.0",
        "mlagents_envs_version": "0.30.0",
        "communication_protocol_version": "1.5.0",
        "pytorch_version": "2.1.2+cu118",
        "numpy_version": "1.21.2",
        "end_time_seconds": "1708572967"
    },
    "total": 119.80759680000001,
    "count": 1,
    "self": 0.004844400000010296,
    "children": {
        "run_training.setup": {
            "total": 0.3946633000000004,
            "count": 1,
            "self": 0.3946633000000004
        },
        "TrainerController.start_learning": {
            "total": 119.4080891,
            "count": 1,
            "self": 0.06979629999979409,
            "children": {
                "TrainerController._reset_env": {
                    "total": 27.068593399999997,
                    "count": 1,
                    "self": 27.068593399999997
                },
                "TrainerController.advance": {
                    "total": 92.17789990000021,
                    "count": 3590,
                    "self": 0.025437199999984728,
                    "children": {
                        "env_step": {
                            "total": 92.15246270000023,
                            "count": 3590,
                            "self": 83.47354170000034,
                            "children": {
                                "SubprocessEnvManager._take_step": {
                                    "total": 8.652152299999983,
                                    "count": 3590,
                                    "self": 0.14298050000014229,
                                    "children": {
                                        "TorchPolicy.evaluate": {
                                            "total": 8.50917179999984,
                                            "count": 3374,
                                            "self": 8.50917179999984
                                        }
                                    }
                                },
                                "workers": {
                                    "total": 0.02676869999990572,
                                    "count": 3589,
                                    "self": 0.0,
                                    "children": {
                                        "worker_root": {
                                            "total": 25.382020599999993,
                                            "count": 3589,
                                            "is_parallel": true,
                                            "self": 13.907091600000033,
                                            "children": {
                                                "steps_from_proto": {
                                                    "total": 0.0003604000000017038,
                                                    "count": 1,
                                                    "is_parallel": true,
                                                    "self": 0.00011500000000097543,
                                                    "children": {
                                                        "_process_rank_one_or_two_observation": {
                                                            "total": 0.00024540000000072837,
                                                            "count": 2,
                                                            "is_parallel": true,
                                                            "self": 0.00024540000000072837
                                                        }
                                                    }
                                                },
                                                "UnityEnvironment.step": {
                                                    "total": 11.474568599999959,
                                                    "count": 3589,
                                                    "is_parallel": true,
                                                    "self": 0.2843540999997849,
                                                    "children": {
                                                        "UnityEnvironment._generate_step_input": {
                                                            "total": 0.5538481000001774,
                                                            "count": 3589,
                                                            "is_parallel": true,
                                                            "self": 0.5538481000001774
                                                        },
                                                        "communicator.exchange": {
                                                            "total": 10.060118800000026,
                                                            "count": 3589,
                                                            "is_parallel": true,
                                                            "self": 10.060118800000026
                                                        },
                                                        "steps_from_proto": {
                                                            "total": 0.5762475999999701,
                                                            "count": 3589,
                                                            "is_parallel": true,
                                                            "self": 0.23009329999979755,
                                                            "children": {
                                                                "_process_rank_one_or_two_observation": {
                                                                    "total": 0.34615430000017255,
                                                                    "count": 7178,
                                                                    "is_parallel": true,
                                                                    "self": 0.34615430000017255
                                                                }
                                                            }
                                                        }
                                                    }
                                                }
                                            }
                                        }
                                    }
                                }
                            }
                        }
                    }
                },
                "trainer_threads": {
                    "total": 2.8799999995499093e-05,
                    "count": 1,
                    "self": 2.8799999995499093e-05,
                    "children": {
                        "thread_root": {
                            "total": 0.0,
                            "count": 0,
                            "is_parallel": true,
                            "self": 0.0,
                            "children": {
                                "trainer_advance": {
                                    "total": 92.1746149999995,
                                    "count": 5538,
                                    "is_parallel": true,
                                    "self": 0.23604429999963372,
                                    "children": {
                                        "process_trajectory": {
                                            "total": 84.72708429999987,