{
    "name": "root",
    "gauges": {
        "MoveToGoal.Policy.Entropy.mean": {
            "value": 1.1605470180511475,
            "min": 1.1605470180511475,
            "max": 1.4033763408660889,
            "count": 7
        },
        "MoveToGoal.Policy.Entropy.sum": {
            "value": 11438.3515625,
            "min": 11438.3515625,
            "max": 14887.015625,
            "count": 7
        },
        "MoveToGoal.Environment.EpisodeLength.mean": {
            "value": 199.0,
            "min": 167.19230769230768,
            "max": 199.0,
            "count": 7
        },
        "MoveToGoal.Environment.EpisodeLength.sum": {
            "value": 10348.0,
            "min": 8694.0,
            "max": 10746.0,
            "count": 7
        },
        "MoveToGoal.Step.mean": {
            "value": 69996.0,
            "min": 9962.0,
            "max": 69996.0,
            "count": 7
        },
        "MoveToGoal.Step.sum": {
            "value": 69996.0,
            "min": 9962.0,
            "max": 69996.0,
            "count": 7
        },
        "MoveToGoal.Policy.ExtrinsicValueEstimate.mean": {
            "value": -0.0008376369369216263,
            "min": -0.2005067616701126,
            "max": 0.0013004558859393,
            "count": 7
        },
        "MoveToGoal.Policy.ExtrinsicValueEstimate.sum": {
            "value": -0.16752739250659943,
            "min": -39.098819732666016,
            "max": 0.26139163970947266,
            "count": 7
        },
        "MoveToGoal.Environment.CumulativeReward.mean": {
            "value": 0.0,
            "min": -0.28846153846153844,
            "max": 0.0,
            "count": 7
        },
        "MoveToGoal.Environment.CumulativeReward.sum": {
            "value": 0.0,
            "min": -15.0,
            "max": 0.0,
            "count": 7
        },
        "MoveToGoal.Policy.ExtrinsicReward.mean": {
            "value": 0.0,
            "min": -0.28846153846153844,
            "max": 0.0,
            "count": 7
        },
        "MoveToGoal.Policy.ExtrinsicReward.sum": {
            "value": 0.0,
            "min": -15.0,
            "max": 0.0,
            "count": 7
        },
        "MoveToGoal.Losses.PolicyLoss.mean": {
            "value": 0.2443579350935464,
            "min": 0.24307692959272414,
            "max": 0.2514894673892667,
            "count": 7
        },
        "MoveToGoal.Losses.PolicyLoss.sum": {
            "value": 13.684044365238599,
            "min": 11.726448101710051,
            "max": 14.837878575966736,
            "count": 7
        },
        "MoveToGoal.Losses.ValueLoss.mean": {
            "value": 1.8873063821902364e-06,
            "min": 1.8873063821902364e-06,
            "max": 0.003911240016705265,
            "count": 7
        },
        "MoveToGoal.Losses.ValueLoss.sum": {
            "value": 0.00010568915740265323,
            "min": 0.00010568915740265323,
            "max": 0.2227178158843659,
            "count": 7
        },
        "MoveToGoal.Policy.LearningRate.mean": {
            "value": 0.00026101544156628567,
            "min": 0.00026101544156628567,
            "max": 0.0002966629386123542,
            "count": 7
        },
        "MoveToGoal.Policy.LearningRate.sum": {
            "value": 0.014616864727711999,
            "min": 0.014239821053393,
            "max": 0.017170374176541995,
            "count": 7
        },
        "MoveToGoal.Policy.Epsilon.mean": {
            "value": 0.18700514285714287,
            "min": 0.18700514285714287,
            "max": 0.19888764583333332,
            "count": 7
        },
        "MoveToGoal.Policy.Epsilon.sum": {
            "value": 10.472288,
            "min": 9.546607,
            "max": 11.7002296,
            "count": 7
        },
        "MoveToGoal.Policy.Beta.mean": {
            "value": 0.0005000000000000001,
            "min": 0.0005,
            "max": 0.0005000000000000001,
            "count": 7
        },
        "MoveToGoal.Policy.Beta.sum": {
            "value": 0.028000000000000004,
            "min": 0.024,
            "max": 0.030000000000000002,
            "count": 7
        },
        "MoveToGoal.IsTraining.mean": {
            "value": 1.0,
            "min": 1.0,
            "max": 1.0,
            "count": 7
        },
        "MoveToGoal.IsTraining.sum": {
            "value": 1.0,
            "min": 1.0,
            "max": 1.0,
            "count": 7
        }
    },
    "metadata": {
        "timer_format_version": "0.1.0",
        "start_time_seconds": "1705361490",
        "python_version": "3.9.13 (tags/v3.9.13:6de2ca5, May 17 2022, 16:36:42) [MSC v.1929 64 bit (AMD64)]",
        "command_line_arguments": "C:\\UnityProjects\\Cloned-repos\\TWP_2\\TWP_2\\venv\\Scripts\\mlagents-learn config\\moveToGoal.txt --run-id=TestParameters",
        "mlagents_version": "0.30.0",
        "mlagents_envs_version": "0.30.0",
        "communication_protocol_version": "1.5.0",
        "pytorch_version": "2.1.2+cpu",
        "numpy_version": "1.21.2",
        "end_time_seconds": "1705361746"
    },
    "total": 255.90745330000001,
    "count": 1,
    "self": 0.013099200000056044,
    "children": {
        "run_training.setup": {
            "total": 0.2335048000000004,
            "count": 1,
            "self": 0.2335048000000004
        },
        "TrainerController.start_learning": {
            "total": 255.66084929999997,
            "count": 1,
            "self": 0.14750940000030255,
            "children": {
                "TrainerController._reset_env": {
                    "total": 12.0369836,
                    "count": 1,
                    "self": 12.0369836
                },
                "TrainerController.advance": {
                    "total": 243.34667909999965,
                    "count": 5012,
                    "self": 0.13529340000107482,
                    "children": {
                        "env_step": {
                            "total": 114.3666581999996,
                            "count": 5012,
                            "self": 109.20775300000074,
                            "children": {
                                "SubprocessEnvManager._take_step": {
                                    "total": 5.0793566999998845,
                                    "count": 5012,
                                    "self": 0.3910524000003086,
                                    "children": {
                                        "TorchPolicy.evaluate": {
                                            "total": 4.688304299999576,
                                            "count": 4794,
                                            "self": 4.688304299999576
                                        }
                                    }
                                },
                                "workers": {
                                    "total": 0.07954849999899238,
                                    "count": 5011,
                                    "self": 0.0,
                                    "children": {
                                        "worker_root": {
                                            "total": 177.72254509999985,
                                            "count": 5011,
                                            "is_parallel": true,
                                            "self": 142.6731481999999,
                                            "children": {
                                                "steps_from_proto": {
                                                    "total": 0.00035150000000072623,
                                                    "count": 1,
                                                    "is_parallel": true,
                                                    "self": 0.00012430000000129837,