{
    "name": "root",
    "gauges": {
        "MoveToGoal.Policy.Entropy.mean": {
            "value": 1.419272780418396,
            "min": 1.419272780418396,
            "max": 1.419272780418396,
            "count": 1
        },
        "MoveToGoal.Policy.Entropy.sum": {
            "value": 71644.890625,
            "min": 71644.890625,
            "max": 71644.890625,
            "count": 1
        },
        "MoveToGoal.Step.mean": {
            "value": 49995.0,
            "min": 49995.0,
            "max": 49995.0,
            "count": 1
        },
        "MoveToGoal.Step.sum": {
            "value": 49995.0,
            "min": 49995.0,
            "max": 49995.0,
            "count": 1
        },
        "MoveToGoal.Policy.ExtrinsicValueEstimate.mean": {
            "value": 0.34472066164016724,
            "min": 0.34472066164016724,
            "max": 0.34472066164016724,
            "count": 1
        },
        "MoveToGoal.Policy.ExtrinsicValueEstimate.sum": {
            "value": 334.7237548828125,
            "min": 334.7237548828125,
            "max": 334.7237548828125,
            "count": 1
        },
        "MoveToGoal.Environment.EpisodeLength.mean": {
            "value": 175.21146953405017,
            "min": 175.21146953405017,
            "max": 175.21146953405017,
            "count": 1
        },
        "MoveToGoal.Environment.EpisodeLength.sum": {
            "value": 48884.0,
            "min": 48884.0,
            "max": 48884.0,
            "count": 1
        },
        "MoveToGoal.Environment.CumulativeReward.mean": {
            "value": 0.25806451612903225,
            "min": 0.25806451612903225,
            "max": 0.25806451612903225,
            "count": 1
        },
        "MoveToGoal.Environment.CumulativeReward.sum": {
            "value": 72.0,
            "min": 72.0,
            "max": 72.0,
            "count": 1
        },
        "MoveToGoal.Policy.ExtrinsicReward.mean": {
            "value": 0.25806451612903225,
            "min": 0.25806451612903225,
            "max": 0.25806451612903225,
            "count": 1
        },
        "MoveToGoal.Policy.ExtrinsicReward.sum": {
            "value": 72.0,
            "min": 72.0,
            "max": 72.0,
            "count": 1
        },
        "MoveToGoal.Losses.PolicyLoss.mean": {
            "value": 0.025074809098926683,
            "min": 0.025074809098926683,
            "max": 0.025074809098926683,
            "count": 1
        },
        "MoveToGoal.Losses.PolicyLoss.sum": {
            "value": 0.10029923639570673,
            "min": 0.10029923639570673,
            "max": 0.10029923639570673,
            "count": 1
        },
        "MoveToGoal.Losses.ValueLoss.mean": {
            "value": 0.01409235950850416,
            "min": 0.01409235950850416,
            "max": 0.01409235950850416,
            "count": 1
        },
        "MoveToGoal.Losses.ValueLoss.sum": {
            "value": 0.05636943803401664,
            "min": 0.05636943803401664,
            "max": 0.05636943803401664,
            "count": 1
        },
        "MoveToGoal.Policy.LearningRate.mean": {
            "value": 0.00028426710524430003,
            "min": 0.00028426710524430003,
            "max": 0.00028426710524430003,
            "count": 1
        },
        "MoveToGoal.Policy.LearningRate.sum": {
            "value": 0.0011370684209772001,
            "min": 0.0011370684209772001,
            "max": 0.0011370684209772001,
            "count": 1
        },
        "MoveToGoal.Policy.Epsilon.mean": {
            "value": 0.19475570000000006,
            "min": 0.19475570000000006,
            "max": 0.19475570000000006,
            "count": 1
        },
        "MoveToGoal.Policy.Epsilon.sum": {
            "value": 0.7790228000000002,
            "min": 0.7790228000000002,
            "max": 0.7790228000000002,
            "count": 1
        },
        "MoveToGoal.Policy.Beta.mean": {
            "value": 0.004738309429999999,
            "min": 0.004738309429999999,
            "max": 0.004738309429999999,
            "count": 1
        },
        "MoveToGoal.Policy.Beta.sum": {
            "value": 0.018953237719999995,
            "min": 0.018953237719999995,
            "max": 0.018953237719999995,
            "count": 1
        },
        "MoveToGoal.IsTraining.mean": {
            "value": 1.0,
            "min": 1.0,
            "max": 1.0,
            "count": 1
        },
        "MoveToGoal.IsTraining.sum": {
            "value": 1.0,
            "min": 1.0,
            "max": 1.0,
            "count": 1
        }
    },
    "metadata": {
        "timer_format_version": "0.1.0",
        "start_time_seconds": "1705360686",
        "python_version": "3.9.13 (tags/v3.9.13:6de2ca5, May 17 2022, 16:36:42) [MSC v.1929 64 bit (AMD64)]",
        "command_line_arguments": "C:\\UnityProjects\\Cloned-repos\\TWP_2\\TWP_2\\venv\\Scripts\\mlagents-learn --run-id=MoveToGoal",
        "mlagents_version": "0.30.0",
        "mlagents_envs_version": "0.30.0",
        "communication_protocol_version": "1.5.0",
        "pytorch_version": "2.1.2+cpu",
        "numpy_version": "1.21.2",
        "end_time_seconds": "1705360838"
    },
    "total": 151.7454586,
    "count": 1,
    "self": 0.006305999999995038,
    "children": {
        "run_training.setup": {
            "total": 0.04002569999999972,
            "count": 1,
            "self": 0.04002569999999972
        },
        "TrainerController.start_learning": {
            "total": 151.6991269,
            "count": 1,
            "self": 0.16670520000036504,
            "children": {
                "TrainerController._reset_env": {
                    "total": 14.8321069,
                    "count": 1,
                    "self": 14.8321069
                },
                "TrainerController.advance": {
                    "total": 136.60825529999966,
                    "count": 5946,
                    "self": 0.1676343999997698,
                    "children": {
                        "env_step": {
                            "total": 115.9986939000003,
                            "count": 5946,
                            "self": 110.0918326,
                            "children": {
                                "SubprocessEnvManager._take_step": {
                                    "total": 5.80746880000024,
                                    "count": 5946,
                                    "self": 0.44565230000033296,
                                    "children": {
                                        "TorchPolicy.evaluate": {
                                            "total": 5.361816499999907,
                                            "count": 5467,
                                            "self": 5.361816499999907
                                        }
                                    }
                                },
                                "workers": {
                                    "total": 0.09939250000005373,
                                    "count": 5945,
                                    "self": 0.0,
                                    "children": {
                                        "worker_root": {
                                            "total": 73.42157519999995,
                                            "count": 5945,
                                            "is_parallel": true,
                                            "self": 36.260170799999834,
                                            "children": {
                                                "steps_from_proto": {
                                                    "total": 0.0003430000000008704,
                                                    "count": 1,
                                                    "is_parallel": true,
                                                    "self": 0.00010360000000098069,