{
    "name": "root",
    "gauges": {
        "RobotArm.Policy.Entropy.mean": {
            "value": 1.2699097394943237,
            "min": 1.2699097394943237,
            "max": 1.3105547428131104,
            "count": 6
        },
        "RobotArm.Policy.Entropy.sum": {
            "value": 12739.734375,
            "min": 4948.65478515625,
            "max": 13269.779296875,
            "count": 6
        },
        "RobotArm.Step.mean": {
            "value": 299976.0,
            "min": 249973.0,
            "max": 299976.0,
            "count": 6
        },
        "RobotArm.Step.sum": {
            "value": 299976.0,
            "min": 249973.0,
            "max": 299976.0,
            "count": 6
        },
        "RobotArm.Policy.ExtrinsicValueEstimate.mean": {
            "value": -0.30881085991859436,
            "min": -0.41725578904151917,
            "max": -0.15746928751468658,
            "count": 6
        },
        "RobotArm.Policy.ExtrinsicValueEstimate.sum": {
            "value": -55.27714538574219,
            "min": -80.11311340332031,
            "max": -8.030933380126953,
            "count": 6
        },
        "RobotArm.Losses.PolicyLoss.mean": {
            "value": 0.2431574079309588,
            "min": 0.2398265044260762,
            "max": 0.24839954106710238,
            "count": 6
        },
        "RobotArm.Losses.PolicyLoss.sum": {
            "value": 18.23680559482191,
            "min": 3.6653277968654807,
            "max": 18.661392278634718,
            "count": 6
        },
        "RobotArm.Losses.ValueLoss.mean": {
            "value": 0.035138684919565885,
            "min": 0.021392254284841095,
            "max": 0.07825913392815316,
            "count": 6
        },
        "RobotArm.Losses.ValueLoss.sum": {
            "value": 2.6354013689674414,
            "min": 1.1738870089222975,
            "max": 3.9742111190589258,
            "count": 6
        },
        "RobotArm.Policy.LearningRate.mean": {
            "value": 0.00012302485899173333,
            "min": 0.00012302485899173333,
            "max": 0.00015066752977750664,
            "count": 6
        },
        "RobotArm.Policy.LearningRate.sum": {
            "value": 0.00922686442438,
            "min": 0.0022600129466625995,
            "max": 0.0108819295726914,
            "count": 6
        },
        "RobotArm.Policy.Epsilon.mean": {
            "value": 0.1410082666666667,
            "min": 0.1410082666666667,
            "max": 0.1502224933333333,
            "count": 6
        },
        "RobotArm.Policy.Epsilon.sum": {
            "value": 10.57562,
            "min": 2.2533373999999995,
            "max": 11.0273086,
            "count": 6
        },
        "RobotArm.Policy.Beta.mean": {
            "value": 0.0005000000000000001,
            "min": 0.0005,
            "max": 0.0005000000000000002,
            "count": 6
        },
        "RobotArm.Policy.Beta.sum": {
            "value": 0.037500000000000006,
            "min": 0.007500000000000003,
            "max": 0.038500000000000006,
            "count": 6
        },
        "RobotArm.Environment.EpisodeLength.mean": {
            "value": 206.68085106382978,
            "min": 115.65,
            "max": 206.68085106382978,
            "count": 6
        },
        "RobotArm.Environment.EpisodeLength.sum": {
            "value": 9714.0,
            "min": 2313.0,
            "max": 10476.0,
            "count": 6
        },
        "RobotArm.Environment.CumulativeReward.mean": {
            "value": -0.9574468085106383,
            "min": -1.0,
            "max": -0.7894736842105263,
            "count": 6
        },
        "RobotArm.Environment.CumulativeReward.sum": {
            "value": -45.0,
            "min": -77.0,
            "max": -15.0,
            "count": 6
        },
        "RobotArm.Policy.ExtrinsicReward.mean": {
            "value": -0.9574468085106383,
            "min": -1.0,
            "max": -0.7894736842105263,
            "count": 6
        },
        "RobotArm.Policy.ExtrinsicReward.sum": {
            "value": -45.0,
            "min": -77.0,
            "max": -15.0,
            "count": 6
        },
        "RobotArm.IsTraining.mean": {
            "value": 1.0,
            "min": 1.0,
            "max": 1.0,
            "count": 6
        },
        "RobotArm.IsTraining.sum": {
            "value": 1.0,
            "min": 1.0,
            "max": 1.0,
            "count": 6
        }
    },
    "metadata": {
        "timer_format_version": "0.1.0",
        "start_time_seconds": "1705976556",
        "python_version": "3.9.13 (tags/v3.9.13:6de2ca5, May 17 2022, 16:36:42) [MSC v.1929 64 bit (AMD64)]",
        "command_line_arguments": "C:\\UnityProjects\\Cloned-repos\\TWP_2\\TWP_2\\venv\\Scripts\\mlagents-learn config\\moveToGoal.txt --resume --run-id=ArmTest5",
        "mlagents_version": "0.30.0",
        "mlagents_envs_version": "0.30.0",
        "communication_protocol_version": "1.5.0",
        "pytorch_version": "2.1.2+cpu",
        "numpy_version": "1.21.2",
        "end_time_seconds": "1705976766"
    },
    "total": 210.25890149999998,
    "count": 1,
    "self": 0.007990499999976919,
    "children": {
        "run_training.setup": {
            "total": 0.1633452000000002,
            "count": 1,
            "self": 0.1633452000000002
        },
        "TrainerController.start_learning": {
            "total": 210.0875658,
            "count": 1,
            "self": 0.09535070000015367,
            "children": {
                "TrainerController._reset_env": {
                    "total": 12.7528585,
                    "count": 1,
                    "self": 12.7528585
                },
                "TrainerController.advance": {
                    "total": 197.00144329999983,
                    "count": 3742,
                    "self": 0.09245210000023008,
                    "children": {
                        "env_step": {
                            "total": 107.63233149999981,
                            "count": 3742,
                            "self": 104.2565567000005,
                            "children": {
                                "SubprocessEnvManager._take_step": {
                                    "total": 3.3189642999998803,
                                    "count": 3742,
                                    "self": 0.2697142999993254,
                                    "children": {
                                        "TorchPolicy.evaluate": {
                                            "total": 3.049250000000555,
                                            "count": 3464,
                                            "self": 3.049250000000555
                                        }
                                    }
                                },
                                "workers": {
                                    "total": 0.056810499999430775,
                                    "count": 3741,
                                    "self": 0.0,
                                    "children": {
                                        "worker_root": {
                                            "total": 134.27456429999992,
                                            "count": 3741,
                                            "is_parallel": true,
                                            "self": 98.8481426000002,
                                            "children": {
                                                "steps_from_proto": {
                                                    "total": 0.0006580999999989956,
                                                    "count": 1,
                                                    "is_parallel": true,
                                                    "self": 0.00017159999999627473,