{
    "name": "root",
    "gauges": {
        "RobotArm.Policy.Entropy.mean": {
            "value": 0.9001335501670837,
            "min": 0.9001335501670837,
            "max": 1.4325172901153564,
            "count": 41
        },
        "RobotArm.Policy.Entropy.sum": {
            "value": 8914.9228515625,
            "min": 8914.9228515625,
            "max": 14898.6953125,
            "count": 41
        },
        "RobotArm.Environment.EpisodeLength.mean": {
            "value": 625.0,
            "min": 84.5,
            "max": 999.0,
            "count": 41
        },
        "RobotArm.Environment.EpisodeLength.sum": {
            "value": 5625.0,
            "min": 656.0,
            "max": 16185.0,
            "count": 41
        },
        "RobotArm.Step.mean": {
            "value": 409960.0,
            "min": 9986.0,
            "max": 409960.0,
            "count": 41
        },
        "RobotArm.Step.sum": {
            "value": 409960.0,
            "min": 9986.0,
            "max": 409960.0,
            "count": 41
        },
        "RobotArm.Policy.ExtrinsicValueEstimate.mean": {
            "value": -0.04917976260185242,
            "min": -0.431122750043869,
            "max": 7.247561006806791e-05,
            "count": 41
        },
        "RobotArm.Policy.ExtrinsicValueEstimate.sum": {
            "value": -7.868762016296387,
            "min": -70.27301025390625,
            "max": 0.011741048656404018,
            "count": 41
        },
        "RobotArm.Environment.CumulativeReward.mean": {
            "value": -0.5555555555555556,
            "min": -1.0,
            "max": 0.0,
            "count": 41
        },
        "RobotArm.Environment.CumulativeReward.sum": {
            "value": -5.0,
            "min": -36.0,
            "max": 0.0,
            "count": 41
        },
        "RobotArm.Policy.ExtrinsicReward.mean": {
            "value": -0.5555555555555556,
            "min": -1.0,
            "max": 0.0,
            "count": 41
        },
        "RobotArm.Policy.ExtrinsicReward.sum": {
            "value": -5.0,
            "min": -36.0,
            "max": 0.0,
            "count": 41
        },
        "RobotArm.Losses.PolicyLoss.mean": {
            "value": 0.2389356903046599,
            "min": 0.23500092710757364,
            "max": 0.25026083934879734,
            "count": 41
        },
        "RobotArm.Losses.PolicyLoss.sum": {
            "value": 18.63698384376347,
            "min": 10.173929306560652,
            "max": 19.48907768099037,
            "count": 41
        },
        "RobotArm.Losses.ValueLoss.mean": {
            "value": 0.005529968013872433,
            "min": 2.6504335630649357e-07,
            "max": 0.09193561328868015,
            "count": 41
        },
        "RobotArm.Losses.ValueLoss.sum": {
            "value": 0.4313375050820498,
            "min": 2.06733817919065e-05,
            "max": 6.068052289230194,
            "count": 41
        },
        "RobotArm.Policy.LearningRate.mean": {
            "value": 5.6970234856102554e-05,
            "min": 5.6970234856102554e-05,
            "max": 0.00029667665825063814,
            "count": 41
        },
        "RobotArm.Policy.LearningRate.sum": {
            "value": 0.004443678318775999,
            "min": 0.004443678318775999,
            "max": 0.0218273066242312,
            "count": 41
        },
        "RobotArm.Policy.Epsilon.mean": {
            "value": 0.11899005128205128,
            "min": 0.11899005128205128,
            "max": 0.19889221904761908,
            "count": 41
        },
        "RobotArm.Policy.Epsilon.sum": {
            "value": 9.281224,
            "min": 8.353473200000002,
            "max": 15.089835,
            "count": 41
        },
        "RobotArm.Policy.Beta.mean": {
            "value": 0.0005000000000000001,
            "min": 0.0005,
            "max": 0.0005000000000000001,
            "count": 41
        },
        "RobotArm.Policy.Beta.sum": {
            "value": 0.03900000000000001,
            "min": 0.021,
            "max": 0.04000000000000001,
            "count": 41
        },
        "RobotArm.IsTraining.mean": {
            "value": 1.0,
            "min": 1.0,
            "max": 1.0,
            "count": 41
        },
        "RobotArm.IsTraining.sum": {
            "value": 1.0,
            "min": 1.0,
            "max": 1.0,
            "count": 41
        }
    },
    "metadata": {
        "timer_format_version": "0.1.0",
        "start_time_seconds": "1707275783",
        "python_version": "3.9.13 (tags/v3.9.13:6de2ca5, May 17 2022, 16:36:42) [MSC v.1929 64 bit (AMD64)]",
        "command_line_arguments": "C:\\UnityProjects\\Cloned-repos\\TWP_2\\TWP_2\\venv\\Scripts\\mlagents-learn config/moveToGoal.txt --run-id=DynTouch10",
        "mlagents_version": "0.30.0",
        "mlagents_envs_version": "0.30.0",
        "communication_protocol_version": "1.5.0",
        "pytorch_version": "2.1.2+cpu",
        "numpy_version": "1.21.2",
        "end_time_seconds": "1707276734"
    },
    "total": 951.7826674,
    "count": 1,
    "self": 0.00594520000004195,
    "children": {
        "run_training.setup": {
            "total": 0.14413499999999857,
            "count": 1,
            "self": 0.14413499999999857
        },
        "TrainerController.start_learning": {
            "total": 951.6325872,
            "count": 1,
            "self": 0.5603191999884984,
            "children": {
                "TrainerController._reset_env": {
                    "total": 20.5033017,
                    "count": 1,
                    "self": 20.5033017
                },
                "TrainerController.advance": {
                    "total": 930.3733173000115,
                    "count": 26203,
                    "self": 0.56009320000976,
                    "children": {
                        "env_step": {
                            "total": 360.1200482000046,
                            "count": 26203,
                            "self": 338.50109210001,
                            "children": {
                                "SubprocessEnvManager._take_step": {
                                    "total": 21.266348599993897,
                                    "count": 26203,
                                    "self": 1.7423184999947168,
                                    "children": {
                                        "TorchPolicy.evaluate": {
                                            "total": 19.52403009999918,
                                            "count": 25677,
                                            "self": 19.52403009999918
                                        }
                                    }
                                },
                                "workers": {
                                    "total": 0.35260750000068697,
                                    "count": 26202,
                                    "self": 0.0,
                                    "children": {
                                        "worker_root": {
                                            "total": 867.0566195999935,
                                            "count": 26202,
                                            "is_parallel": true,
                                            "self": 627.4340371999891,
                                            "children": {
                                                "steps_from_proto": {
                                                    "total": 0.0008708000000012817,
                                                    "count": 1,
                                                    "is_parallel": true,
                                                    "self": 0.00028730000000010136,