{
    "name": "root",
    "gauges": {
        "RobotArm.Policy.Entropy.mean": {
            "value": 1.4019620418548584,
            "min": 1.3964874744415283,
            "max": 1.4019620418548584,
            "count": 5
        },
        "RobotArm.Policy.Entropy.sum": {
            "value": 70070.0625,
            "min": 60462.3203125,
            "max": 70070.0625,
            "count": 5
        },
        "RobotArm.Step.mean": {
            "value": 3449949.0,
            "min": 3249975.0,
            "max": 3449949.0,
            "count": 5
        },
        "RobotArm.Step.sum": {
            "value": 3449949.0,
            "min": 3249975.0,
            "max": 3449949.0,
            "count": 5
        },
        "RobotArm.Policy.ExtrinsicValueEstimate.mean": {
            "value": 0.08321977406740189,
            "min": -0.1400306671857834,
            "max": 0.1017708107829094,
            "count": 5
        },
        "RobotArm.Policy.ExtrinsicValueEstimate.sum": {
            "value": 67.2415771484375,
            "min": -100.68205261230469,
            "max": 82.33258819580078,
            "count": 5
        },
        "RobotArm.Environment.EpisodeLength.mean": {
            "value": 805.2096774193549,
            "min": 403.6224489795918,
            "max": 807.1639344262295,
            "count": 5
        },
        "RobotArm.Environment.EpisodeLength.sum": {
            "value": 49923.0,
            "min": 39555.0,
            "max": 50099.0,
            "count": 5
        },
        "RobotArm.Environment.CumulativeReward.mean": {
            "value": 0.9601613655986805,
            "min": 0.00959191735529778,
            "max": 1.3027778865717765,
            "count": 5
        },
        "RobotArm.Environment.CumulativeReward.sum": {
            "value": 59.53000466711819,
            "min": 0.9400079008191824,
            "max": 93.80000783316791,
            "count": 5
        },
        "RobotArm.Policy.ExtrinsicReward.mean": {
            "value": 0.9601613655986805,
            "min": 0.00959191735529778,
            "max": 1.3027778865717765,
            "count": 5
        },
        "RobotArm.Policy.ExtrinsicReward.sum": {
            "value": 59.53000466711819,
            "min": 0.9400079008191824,
            "max": 93.80000783316791,
            "count": 5
        },
        "RobotArm.Losses.PolicyLoss.mean": {
            "value": 0.02290514848777093,
            "min": 0.02290514848777093,
            "max": 0.02550023638792079,
            "count": 5
        },
        "RobotArm.Losses.PolicyLoss.sum": {
            "value": 0.11452574243885466,
            "min": 0.09618501247411283,
            "max": 0.12750118193960394,
            "count": 5
        },
        "RobotArm.Losses.ValueLoss.mean": {
            "value": 0.015869581243023276,
            "min": 0.015869581243023276,
            "max": 0.03387255537013213,
            "count": 5
        },
        "RobotArm.Losses.ValueLoss.sum": {
            "value": 0.07934790621511638,
            "min": 0.07934790621511638,
            "max": 0.16936277685066065,
            "count": 5
        },
        "RobotArm.Policy.LearningRate.mean": {
            "value": 0.000197308438230532,
            "min": 0.000197308438230532,
            "max": 0.00020301721732760497,
            "count": 5
        },
        "RobotArm.Policy.LearningRate.sum": {
            "value": 0.00098654219115266,
            "min": 0.0008009603830132501,
            "max": 0.0010081420939526897,
            "count": 5
        },
        "RobotArm.Policy.Epsilon.mean": {
            "value": 0.16576946799999998,
            "min": 0.16576946799999998,
            "max": 0.16767239499999997,
            "count": 5
        },
        "RobotArm.Policy.Epsilon.sum": {
            "value": 0.8288473399999999,
            "min": 0.6669867500000001,
            "max": 0.83604731,
            "count": 5
        },
        "RobotArm.Policy.Beta.mean": {
            "value": 0.003291896453200001,
            "min": 0.003291896453200001,
            "max": 0.003386852510499999,
            "count": 5
        },
        "RobotArm.Policy.Beta.sum": {
            "value": 0.016459482266000004,
            "min": 0.013362638824999998,
            "max": 0.016818760769000005,
            "count": 5
        },
        "RobotArm.IsTraining.mean": {
            "value": 1.0,
            "min": 1.0,
            "max": 1.0,
            "count": 5
        },
        "RobotArm.IsTraining.sum": {
            "value": 1.0,
            "min": 1.0,
            "max": 1.0,
            "count": 5
        }
    },
    "metadata": {
        "timer_format_version": "0.1.0",
        "start_time_seconds": "1707280482",
        "python_version": "3.9.13 (tags/v3.9.13:6de2ca5, May 17 2022, 16:36:42) [MSC v.1929 64 bit (AMD64)]",
        "command_line_arguments": "C:\\Users\\Owner\\AppData\\Local\\Programs\\Python\\Python39\\Scripts\\mlagents-learn results/StaticDragDrop2/config.yaml --run-id=StaticDragDrop2",
        "mlagents_version": "0.30.0",
        "mlagents_envs_version": "0.30.0",
        "communication_protocol_version": "1.5.0",
        "pytorch_version": "2.1.2+cu118",
        "numpy_version": "1.21.2",
        "end_time_seconds": "1707280736"
    },
    "total": 254.05314529999998,
    "count": 1,
    "self": 0.003920899999997118,
    "children": {
        "run_training.setup": {
            "total": 0.1915783000000002,
            "count": 1,
            "self": 0.1915783000000002
        },
        "TrainerController.start_learning": {
            "total": 253.85764609999998,
            "count": 1,
            "self": 0.42302639999954295,
            "children": {
                "TrainerController._reset_env": {
                    "total": 6.272611100000001,
                    "count": 1,
                    "self": 6.272611100000001
                },
                "TrainerController.advance": {
                    "total": 247.03256900000048,
                    "count": 23568,
                    "self": 0.380253200000368,
                    "children": {
                        "env_step": {
                            "total": 191.77691820000064,
                            "count": 23568,
                            "self": 152.3734365000023,
                            "children": {
                                "SubprocessEnvManager._take_step": {
                                    "total": 39.15884799999893,
                                    "count": 23568,
                                    "self": 1.1656116999985215,
                                    "children": {
                                        "TorchPolicy.evaluate": {
                                            "total": 37.99323630000041,
                                            "count": 23204,
                                            "self": 37.99323630000041
                                        }
                                    }
                                },
                                "workers": {
                                    "total": 0.24463369999939566,
                                    "count": 23567,
                                    "self": 0.0,
                                    "children": {
                                        "worker_root": {
                                            "total": 243.09520380000006,
                                            "count": 23567,
                                            "is_parallel": true,
                                            "self": 116.20015860000159,
                                            "children": {
                                                "steps_from_proto": {
                                                    "total": 0.0003530000000004918,
                                                    "count": 1,
                                                    "is_parallel": true,