{
    "name": "root",
    "gauges": {
        "RobotArm.Policy.Entropy.mean": {
            "value": 1.0965805053710938,
            "min": 1.0965805053710938,
            "max": 1.261797308921814,
            "count": 19
        },
        "RobotArm.Policy.Entropy.sum": {
            "value": 67623.9296875,
            "min": 65186.765625,
            "max": 80617.4375,
            "count": 19
        },
        "RobotArm.Environment.EpisodeLength.mean": {
            "value": 717.3493975903615,
            "min": 330.0274725274725,
            "max": 823.945205479452,
            "count": 19
        },
        "RobotArm.Environment.EpisodeLength.sum": {
            "value": 59540.0,
            "min": 56774.0,
            "max": 63919.0,
            "count": 19
        },
        "RobotArm.Step.mean": {
            "value": 1139199.0,
            "min": 59472.0,
            "max": 1139199.0,
            "count": 19
        },
        "RobotArm.Step.sum": {
            "value": 1139199.0,
            "min": 59472.0,
            "max": 1139199.0,
            "count": 19
        },
        "RobotArm.Policy.ExtrinsicValueEstimate.mean": {
            "value": 13.447983741760254,
            "min": -0.2465164065361023,
            "max": 13.447983741760254,
            "count": 19
        },
        "RobotArm.Policy.ExtrinsicValueEstimate.sum": {
            "value": 1116.1826171875,
            "min": -29.08893585205078,
            "max": 1116.1826171875,
            "count": 19
        },
        "RobotArm.Environment.CumulativeReward.mean": {
            "value": 51.088554353599086,
            "min": -0.4454696086230199,
            "max": 53.87302369849626,
            "count": 19
        },
        "RobotArm.Environment.CumulativeReward.sum": {
            "value": 4240.350011348724,
            "min": -80.6299991607666,
            "max": 4633.080038070679,
            "count": 19
        },
        "RobotArm.Policy.ExtrinsicReward.mean": {
            "value": 51.088554353599086,
            "min": -0.4454696086230199,
            "max": 53.87302369849626,
            "count": 19
        },
        "RobotArm.Policy.ExtrinsicReward.sum": {
            "value": 4240.350011348724,
            "min": -80.6299991607666,
            "max": 4633.080038070679,
            "count": 19
        },
        "RobotArm.Losses.PolicyLoss.mean": {
            "value": 0.03525243396434234,
            "min": 0.03117833605222889,
            "max": 0.037007631887849786,
            "count": 19
        },
        "RobotArm.Losses.PolicyLoss.sum": {
            "value": 0.10575730189302703,
            "min": 0.06235667210445778,
            "max": 0.11102289566354935,
            "count": 19
        },
        "RobotArm.Losses.ValueLoss.mean": {
            "value": 1.3536355454060767,
            "min": 0.020435250668106905,
            "max": 1.3536355454060767,
            "count": 19
        },
        "RobotArm.Losses.ValueLoss.sum": {
            "value": 4.06090663621823,
            "min": 0.061305752004320715,
            "max": 4.06090663621823,
            "count": 19
        },
        "RobotArm.Policy.LearningRate.mean": {
            "value": 0.00028335566054811496,
            "min": 0.00028335566054811496,
            "max": 0.0002995336276554574,
            "count": 19
        },
        "RobotArm.Policy.LearningRate.sum": {
            "value": 0.0008500669816443449,
            "min": 0.0005720711493096202,
            "max": 0.0008962492812502397,
            "count": 19
        },
        "RobotArm.Policy.Epsilon.mean": {
            "value": 0.19445188500000002,
            "min": 0.19445188500000002,
            "max": 0.19984454250000006,
            "count": 19
        },
        "RobotArm.Policy.Epsilon.sum": {
            "value": 0.5833556550000001,
            "min": 0.39069038,
            "max": 0.59874976,
            "count": 19
        },
        "RobotArm.Policy.Beta.mean": {
            "value": 0.0009450736615,
            "min": 0.0009450736615,
            "max": 0.00099846097075,
            "count": 19
        },
        "RobotArm.Policy.Beta.sum": {
            "value": 0.0028352209845,
            "min": 0.0019078347620000002,
            "max": 0.002987622624,
            "count": 19
        },
        "RobotArm.IsTraining.mean": {
            "value": 1.0,
            "min": 1.0,
            "max": 1.0,
            "count": 19
        },
        "RobotArm.IsTraining.sum": {
            "value": 1.0,
            "min": 1.0,
            "max": 1.0,
            "count": 19
        }
    },
    "metadata": {
        "timer_format_version": "0.1.0",
        "start_time_seconds": "1707887386",
        "python_version": "3.9.13 (tags/v3.9.13:6de2ca5, May 17 2022, 16:36:42) [MSC v.1929 64 bit (AMD64)]",
        "command_line_arguments": "C:\\Users\\Owner\\AppData\\Local\\Programs\\Python\\Python39\\Scripts\\mlagents-learn config\\DynamicTouch2.txt --initialize-from=StaticDragDrop27 --run-id=StaticDragDrop29",
        "mlagents_version": "0.30.0",
        "mlagents_envs_version": "0.30.0",
        "communication_protocol_version": "1.5.0",
        "pytorch_version": "2.1.2+cu118",
        "numpy_version": "1.21.2",
        "end_time_seconds": "1707888136"
    },
    "total": 749.2696712,
    "count": 1,
    "self": 0.004476799999906689,
    "children": {
        "run_training.setup": {
            "total": 0.15405490000000022,
            "count": 1,
            "self": 0.15405490000000022
        },
        "TrainerController.start_learning": {
            "total": 749.1111395,
            "count": 1,
            "self": 2.0509560999981886,
            "children": {
                "TrainerController._reset_env": {
                    "total": 4.5951033,
                    "count": 1,
                    "self": 4.5951033
                },
                "TrainerController.advance": {
                    "total": 742.3945177000019,
                    "count": 99882,
                    "self": 0.9964061000069933,
                    "children": {
                        "env_step": {
                            "total": 741.3981115999949,
                            "count": 99882,
                            "self": 458.25920889999156,
                            "children": {
                                "SubprocessEnvManager._take_step": {
                                    "total": 282.19260520000194,
                                    "count": 99882,
                                    "self": 4.687050799982387,
                                    "children": {
                                        "TorchPolicy.evaluate": {
                                            "total": 277.50555440001955,
                                            "count": 98451,
                                            "self": 277.50555440001955
                                        }
                                    }
                                },
                                "workers": {
                                    "total": 0.9462975000013776,
                                    "count": 99882,
                                    "self": 0.0,
                                    "children": {
                                        "worker_root": {
                                            "total": 743.0885517000088,
                                            "count": 99882,
                                            "is_parallel": true,
                                            "self": 402.97260500002176,
                                            "children": {
                                                "steps_from_proto": {
                                                    "total": 0.0002881999999999607,
                                                    "count": 1,
                                                    "is_parallel": true,